co_seq_dim_cbo,nu_cbo,no_cbo,st_registro_valido,ds_filtro
6240,223545,ENFERMEIRO OBSTÉTRICO,1,223545 enfermeiro obstetrico
5916,782515,MOTORISTA OPERACIONAL DE GUINCHO,1,782515 motorista operacional de guincho
6063,731305,INSTALADOR-REPARADOR DE EQUIPAMENTOS DE COMUTAÇÃO EM TELEFONIA,1,731305 instalador-reparador de equipamentos de comutacao em telefonia
5694,262830,PROFESSOR DE DANÇA,1,262830 professor de danca
6311,223655,FISIOTERAPEUTA ESPORTIVO,1,223655 fisioterapeuta esportivo
6098,376315,APRESENTADOR DE PROGRAMAS DE RÁDIO,1,376315 apresentador de programas de radio
5682,521110,VENDEDOR DE COMÉRCIO VAREJISTA,1,521110 vendedor de comercio varejista
5890,252545,ANALISTA FINANCEIRO (INSTITUIÇÕES FINANCEIRAS),1,252545 analista financeiro (instituicoes financeiras)
6215,261305,ARQUIVISTA,1,261305 arquivista
6269,225185,MÉDICO HEMATOLOGISTA,1,225185 medico hematologista
6057,333115,PROFESSORES DE CURSOS LIVRES,1,333115 professores de cursos livres
5654,234915,PROFESSOR DE MÚSICA NO ENSINO SUPERIOR,1,234915 professor de musica no ensino superior
6191,421305,COBRADOR EXTERNO,1,421305 cobrador externo
6301,223248,CIRURGIÃO DENTISTA - PERIODONTISTA,1,223248 cirurgiao dentista - periodontista
5954,212310,ADMINISTRADOR DE REDES,1,212310 administrador de redes
5643,422120,RECEPCIONISTA DE HOTEL,1,422120 recepcionista de hotel
5786,953115,"ELETRICISTA DE INSTALAÇÕES (VEÍCULOS AUTOMOTORES E MÁQUINAS OPERATRIZES, EXCETO AERONAVES E EMBARCAÇÕES)",1,"953115 eletricista de instalacoes (veiculos automotores e maquinas operatrizes, exceto aeronaves e embarcacoes)"
6253,225215,MÉDICO CIRURGIÃO DE CABEÇA E PESCOÇO,1,225215 medico cirurgiao de cabeca e pescoco
6316,223830,FONOAUDIÓLOGO EM LINGUAGEM,1,223830 fonoaudiologo em linguagem
5886,214325,ENGENHEIRO ELETRÔNICO DE MANUTENÇÃO,1,214325 engenheiro eletronico de manutencao
5747,142105,GERENTE ADMINISTRATIVO,1,142105 gerente administrativo
6104,213410,GEÓLOGO DE ENGENHARIA,1,213410 geologo de engenharia
5741,862305,OPERADOR DE ESTAÇÃO DE TRATAMENTO DE ÁGUA E EFLUENTES,1,862305 operador de estacao de tratamento de agua e efluentes
5875,232115,PROFESSOR DE DISCIPLINAS PEDAGÓGICAS NO ENSINO MÉDIO,1,232115 professor de disciplinas pedagogicas no ensino medio
6091,721405,OPERADOR DE CENTRO DE USINAGEM COM COMANDO NUMÉRICO,1,721405 operador de centro de usinagem com comando numerico
5825,225115,MÉDICO ANGIOLOGISTA,1,225115 medico angiologista
5903,123205,DIRETOR DE RECURSOS HUMANOS,1,123205 diretor de recursos humanos
6184,715125,OPERADOR DE MÁQUINAS DE CONSTRUÇÃO CIVIL E MINERAÇÃO,1,715125 operador de maquinas de construcao civil e mineracao
6266,225160,MÉDICO FISIATRA,1,225160 medico fisiatra
5978,131320,GERENTE DE SERVIÇOS EDUCACIONAIS DA ÁREA PÚBLICA,1,131320 gerente de servicos educacionais da area publica
5821,723310,PINTOR A PINCEL E ROLO (EXCETO OBRAS E ESTRUTURAS METÁLICAS),1,723310 pintor a pincel e rolo (exceto obras e estruturas metalicas)
5740,848305,PADEIRO,1,848305 padeiro
5865,214610,ENGENHEIRO METALURGISTA,1,214610 engenheiro metalurgista
5711,784105,"EMBALADOR, A MÃO",1,"784105 embalador, a mao"
5819,232155,PROFESSOR DE MATEMÁTICA NO ENSINO MÉDIO,1,232155 professor de matematica no ensino medio
5721,821205,FORNEIRO E OPERADOR (ALTO-FORNO),1,821205 forneiro e operador (alto-forno)
6236,223525,ENFERMEIRO DE TERAPIA INTENSIVA,1,223525 enfermeiro de terapia intensiva
6203,142335,ANALISTA DE PESQUISA DE MERCADO,1,142335 analista de pesquisa de mercado
5833,122520,TURISMÓLOGO,1,122520 turismologo
6256,225235,MÉDICO CIRURGIÃO PLÁSTICO,1,225235 medico cirurgiao plastico
5837,351305,TÉCNICO EM ADMINISTRAÇÃO,1,351305 tecnico em administracao
6086,715525,CARPINTEIRO DE OBRAS,1,715525 carpinteiro de obras
6122,223264,CIRURGIÃO DENTISTA - REABILITADOR ORAL,1,223264 cirurgiao dentista - reabilitador oral
6042,773315,OPERADOR DE FRESADORA (USINAGEM DE MADEIRA),1,773315 operador de fresadora (usinagem de madeira)
5638,225265,MÉDICO OFTALMOLOGISTA,1,225265 medico oftalmologista
5939,711210,OPERADOR DE CARREGADEIRA,1,711210 operador de carregadeira
5985,239205,PROFESSOR DE ALUNOS COM DEFICIÊNCIA AUDITIVA E SURDOS,1,239205 professor de alunos com deficiencia auditiva e surdos
6243,223560,ENFERMEIRO SANITARISTA,1,223560 enfermeiro sanitarista
6092,421205,RECEBEDOR DE APOSTAS (LOTERIA),1,421205 recebedor de apostas (loteria)
6024,724325,SOLDADOR ELÉTRICO,1,724325 soldador eletrico
6006,221205,BIOMÉDICO,1,221205 biomedico
6359,231305,PROFESSOR DE CIÊNCIAS EXATAS E NATURAIS DO ENSINO FUNDAMENTAL,1,231305 professor de ciencias exatas e naturais do ensino fundamental
6193,251555,PSICÓLOGO ACUPUNTURISTA,1,251555 psicologo acupunturista
5922,731325,INSTALADOR-REPARADOR DE REDES E CABOS TELEFÔNICOS,1,731325 instalador-reparador de redes e cabos telefonicos
6142,521140,ATENDENTE DE LOJAS E MERCADOS,1,521140 atendente de lojas e mercados
5688,791130,ARTESÃO ESCULTOR,1,791130 artesao escultor
6123,234205,PROFESSOR DE FÍSICA (ENSINO SUPERIOR),1,234205 professor de fisica (ensino superior)
6325,251530,PSICÓLOGO SOCIAL,1,251530 psicologo social
5660,724315,SOLDADOR,1,724315 soldador
5692,252210,CONTADOR,1,252210 contador
6291,223216,CIRURGIÃO DENTISTA - EPIDEMIOLOGISTA,1,223216 cirurgiao dentista - epidemiologista
6070,214505,ENGENHEIRO QUÍMICO,1,214505 engenheiro quimico
6321,251535,PSICÓLOGO DO TRÂNSITO,1,251535 psicologo do transito
5759,214705,ENGENHEIRO DE MINAS,1,214705 engenheiro de minas
6128,766315,OPERADOR DE ACABAMENTO (INDÚSTRIA GRÁFICA),1,766315 operador de acabamento (industria grafica)
5781,21205,CABO DA POLÍCIA MILITAR,1,021205 cabo da policia militar
6016,821210,FORNEIRO E OPERADOR (CONVERSOR A OXIGÊNIO),1,821210 forneiro e operador (conversor a oxigenio)
6154,415215,ENTREGADOR DE PUBLICAÇÕES,1,415215 entregador de publicacoes
5944,223660,FISIOTERAPEUTA DO TRABALHO,1,223660 fisioterapeuta do trabalho
6290,223284,CIRURGIÃO DENTISTA - DISFUNÇÃO TEMPOROMANDIBULAR E DOR OROFACIAL,1,223284 cirurgiao dentista - disfuncao temporomandibular e dor orofacial
5689,862155,"OPERADOR DE UTILIDADE (PRODUÇÃO E DISTRIBUIÇÃO DE VAPOR, GÁS, ÓLEO, COMBUSTÍVEL, ENERGIA, OXIGÊNIO)",1,"862155 operador de utilidade (producao e distribuicao de vapor, gas, oleo, combustivel, energia, oxigenio)"
5716,512120,EMPREGADO DOMÉSTICO DIARISTA,1,512120 empregado domestico diarista
6067,312105,TÉCNICO DE OBRAS CIVIS,1,312105 tecnico de obras civis
6044,821220,FORNEIRO E OPERADOR (REFINO DE METAIS NÃO-FERROSOS),1,821220 forneiro e operador (refino de metais nao-ferrosos)
6109,214120,ARQUITETO PAISAGISTA,1,214120 arquiteto paisagista
6121,212420,ANALISTA DE SUPORTE COMPUTACIONAL,1,212420 analista de suporte computacional
6344,510130,CHEFE DE BAR,1,510130 chefe de bar
5676,622010,JARDINEIRO,1,622010 jardineiro
6351,351420,ESCRIVÃO DE POLÍCIA,1,351420 escrivao de policia
6278,225118,MÉDICO NUTROLOGISTA,1,225118 medico nutrologista
5709,763010,COSTUREIRA DE PEÇAS SOB ENCOMENDA,1,763010 costureira de pecas sob encomenda
5850,731165,"BOBINADOR ELETRICISTA, A MÃO",1,"731165 bobinador eletricista, a mao"
6132,821405,ENCARREGADO DE ACABAMENTO DE CHAPAS E METAIS (TÊMPERA),1,821405 encarregado de acabamento de chapas e metais (tempera)
6310,223430,FARMACÊUTICO EM SAÚDE PÚBLICA,1,223430 farmaceutico em saude publica
6272,225195,MÉDICO HOMEOPATA,1,225195 medico homeopata
5691,332105,PROFESSOR LEIGO NO ENSINO FUNDAMENTAL,1,332105 professor leigo no ensino fundamental
5719,715505,CARPINTEIRO,1,715505 carpinteiro
6207,422115,RECEPCIONISTA DE SEGURO SAÚDE,1,422115 recepcionista de seguro saude
6275,225109,MÉDICO NEFROLOGISTA,1,225109 medico nefrologista
5953,782505,CAMINHONEIRO AUTÔNOMO (ROTAS REGIONAIS E INTERNACIONAIS),1,782505 caminhoneiro autonomo (rotas regionais e internacionais)
5634,223415,FARMACÊUTICO ANALISTA CLÍNICO,1,223415 farmaceutico analista clinico
6274,225255,MÉDICO MASTOLOGISTA,1,225255 medico mastologista
6244,223510,ENFERMEIRO AUDITOR,1,223510 enfermeiro auditor
6263,225145,MÉDICO EM MEDICINA DE TRÁFEGO,1,225145 medico em medicina de trafego
6322,251505,PSICÓLOGO EDUCACIONAL,1,251505 psicologo educacional
6102,612005,PRODUTOR AGRÍCOLA POLIVALENTE,1,612005 produtor agricola polivalente
6340,212215,ENGENHEIROS DE SISTEMAS OPERACIONAIS EM COMPUTAÇÃO,1,212215 engenheiros de sistemas operacionais em computacao
6324,251525,PSICÓLOGO JURÍDICO,1,251525 psicologo juridico
6199,252205,AUDITOR (CONTADORES E AFINS),1,252205 auditor (contadores e afins)
5774,521115,PROMOTOR DE VENDAS,1,521115 promotor de vendas
6276,225260,MÉDICO NEUROCIRURGIÃO,1,225260 medico neurocirurgiao
6008,141705,GERENTE DE PRODUTOS BANCÁRIOS,1,141705 gerente de produtos bancarios
6096,123605,DIRETOR DE SERVIÇOS DE INFORMÁTICA,1,123605 diretor de servicos de informatica
6134,354120,AGENTE DE VENDAS DE SERVIÇOS,1,354120 agente de vendas de servicos
6294,223228,CIRURGIÃO DENTISTA - ODONTOGERIATRA,1,223228 cirurgiao dentista - odontogeriatra
6065,732105,"ELETRICISTA DE MANUTENÇÃO DE LINHAS ELÉTRICAS, TELEFÔNICAS E DE COMUNICAÇÃO DE DADOS",1,"732105 eletricista de manutencao de linhas eletricas, telefonicas e de comunicacao de dados"
5662,233205,INSTRUTOR DE APRENDIZAGEM E TREINAMENTO AGROPECUÁRIO,1,233205 instrutor de aprendizagem e treinamento agropecuario
6271,225345,MÉDICO HIPERBARISTA,1,225345 medico hiperbarista
6255,225230,MÉDICO CIRURGIÃO PEDIÁTRICO,1,225230 medico cirurgiao pediatrico
5906,513425,COPEIRO,1,513425 copeiro
6076,715530,CARPINTEIRO (TELHADOS),1,715530 carpinteiro (telhados)
5883,232140,PROFESSOR DE HISTÓRIA NO ENSINO MÉDIO,1,232140 professor de historia no ensino medio
5990,711215,OPERADOR DE MÁQUINA CORTADORA (MINAS E PEDREIRAS),1,711215 operador de maquina cortadora (minas e pedreiras)
5902,731135,MONTADOR DE EQUIPAMENTOS ELÉTRICOS,1,731135 montador de equipamentos eletricos
5863,300105,TÉCNICO EM MECATRÔNICA - AUTOMAÇÃO DA MANUFATURA,1,300105 tecnico em mecatronica - automacao da manufatura
6232,322240,AUXILIAR DE SAÚDE (NAVEGAÇÃO MARÍTIMA),1,322240 auxiliar de saude (navegacao maritima)
5858,791105,ARTESÃO BORDADOR,1,791105 artesao bordador
6247,225148,MÉDICO ANATOMOPATOLOGISTA,1,225148 medico anatomopatologista
5732,783225,AJUDANTE DE MOTORISTA,1,783225 ajudante de motorista
6101,782810,TROPEIRO,1,782810 tropeiro
5904,314125,TÉCNICO MECÂNICO (MOTORES),1,314125 tecnico mecanico (motores)
5840,514215,VARREDOR DE RUA,1,514215 varredor de rua
5767,822115,FORNEIRO DE FUNDIÇÃO (FORNO DE REDUÇÃO),1,822115 forneiro de fundicao (forno de reducao)
5836,212415,ANALISTA DE SISTEMAS DE AUTOMAÇÃO,1,212415 analista de sistemas de automacao
5655,512110,EMPREGADO DOMÉSTICO ARRUMADOR,1,512110 empregado domestico arrumador
6172,613115,CRIADOR DE BOVINOS (LEITE),1,613115 criador de bovinos (leite)
5976,517325,VIGIA PORTUÁRIO,1,517325 vigia portuario
5828,516205,BABÁ,1,516205 baba
5853,322120,MASSOTERAPEUTA,1,322120 massoterapeuta
5630,223505,ENFERMEIRO,1,223505 enfermeiro
6151,724410,CALDEIREIRO (CHAPAS DE FERRO E AÇO),1,724410 caldeireiro (chapas de ferro e aco)
6030,411030,AUXILIAR DE PESSOAL,1,411030 auxiliar de pessoal
5871,821225,FORNEIRO E OPERADOR DE FORNO DE REDUÇÃO DIRETA,1,821225 forneiro e operador de forno de reducao direta
5897,311505,TÉCNICO DE CONTROLE DE MEIO AMBIENTE,1,311505 tecnico de controle de meio ambiente
6106,234445,PROFESSOR DE NUTRIÇÃO,1,234445 professor de nutricao
6217,141615,GERENTE DE LOGÍSTICA (ARMAZENAGEM E DISTRIBUIÇÃO),1,141615 gerente de logistica (armazenagem e distribuicao)
6061,232120,PROFESSOR DE EDUCAÇÃO FÍSICA NO ENSINO MÉDIO,1,232120 professor de educacao fisica no ensino medio
5802,142325,RELAÇÕES PÚBLICAS,1,142325 relacoes publicas
5720,914425,MECÂNICO DE VEÍCULOS AUTOMOTORES A DIESEL (EXCETO TRATORES),1,914425 mecanico de veiculos automotores a diesel (exceto tratores)
5963,711105,AMOSTRADOR DE MINÉRIOS,1,711105 amostrador de minerios
5946,513610,PIZZAIOLO,1,513610 pizzaiolo
6130,354605,CORRETOR DE IMÓVEIS,1,354605 corretor de imoveis
5644,511215,COBRADOR DE TRANSPORTES COLETIVOS (EXCETO TREM),1,511215 cobrador de transportes coletivos (exceto trem)
6302,223252,CIRURGIÃO DENTISTA - PROTESIÓLOGO BUCOMAXILOFACIAL,1,223252 cirurgiao dentista - protesiologo bucomaxilofacial
5661,141410,COMERCIANTE VAREJISTA,1,141410 comerciante varejista
6146,232125,PROFESSOR DE FILOSOFIA NO ENSINO MÉDIO,1,232125 professor de filosofia no ensino medio
6219,214265,ENGENHEIRO CIVIL (TÚNEIS),1,214265 engenheiro civil (tuneis)
6335,391120,PLANEJISTA,1,391120 planejista
6149,234616,PROFESSOR DE LÍNGUA INGLESA,1,234616 professor de lingua inglesa
6246,225110,MÉDICO ALERGISTA E IMUNOLOGISTA,1,225110 medico alergista e imunologista
6353,760605,SUPERVISOR DAS ARTES GRÁFICAS (INDÚSTRIA EDITORIAL E GRÁFICA),1,760605 supervisor das artes graficas (industria editorial e grafica)
6303,223256,CIRURGIÃO DENTISTA - PROTESISTA,1,223256 cirurgiao dentista - protesista
6329,519315,BANHISTA DE ANIMAIS DOMÉSTICOS,1,519315 banhista de animais domesticos
6094,262420,DESENHISTA INDUSTRIAL DE PRODUTO (DESIGNER DE PRODUTO),1,262420 desenhista industrial de produto (designer de produto)
6017,622020,TRABALHADOR VOLANTE DA AGRICULTURA,1,622020 trabalhador volante da agricultura
5989,334115,MONITOR DE TRANSPORTE ESCOLAR,1,334115 monitor de transporte escolar
5667,421105,ATENDENTE COMERCIAL (AGÊNCIA POSTAL),1,421105 atendente comercial (agencia postal)
5788,741125,RELOJOEIRO (REPARAÇÃO),1,741125 relojoeiro (reparacao)
6072,332205,PROFESSOR PRÁTICO NO ENSINO PROFISSIONALIZANTE,1,332205 professor pratico no ensino profissionalizante
6280,225270,MÉDICO ORTOPEDISTA E TRAUMATOLOGISTA,1,225270 medico ortopedista e traumatologista
6166,523115,CHAVEIRO,1,523115 chaveiro
5778,782410,MOTORISTA DE ÔNIBUS URBANO,1,782410 motorista de onibus urbano
6212,524215,VENDEDOR PERMISSIONÁRIO,1,524215 vendedor permissionario
5959,354505,CORRETOR DE SEGUROS,1,354505 corretor de seguros
5797,519945,RECEPCIONISTA DE CASAS DE ESPETÁCULOS,1,519945 recepcionista de casas de espetaculos
5949,715115,OPERADOR DE ESCAVADEIRA,1,715115 operador de escavadeira
6242,223555,ENFERMEIRO PUERICULTOR E PEDIÁTRICO,1,223555 enfermeiro puericultor e pediatrico
5804,519935,LAVADOR DE VEÍCULOS,1,519935 lavador de veiculos
6139,374115,TÉCNICO EM MASTERIZAÇÃO DE ÁUDIO,1,374115 tecnico em masterizacao de audio
5909,420105,SUPERVISOR DE CAIXAS E BILHETEIROS (EXCETO CAIXA DE BANCO),1,420105 supervisor de caixas e bilheteiros (exceto caixa de banco)
5813,231110,PROFESSOR DE NÍVEL SUPERIOR NA EDUCAÇÃO INFANTIL (ZERO A TRÊS ANOS),1,231110 professor de nivel superior na educacao infantil (zero a tres anos)
6222,"2,24E+04",PROFISSIONAL DE EDUCAÇÃO FÍSICA NA SAÚDE,1,2241E1 profissional de educacao fisica na saude
6282,225325,MÉDICO PATOLOGISTA,1,225325 medico patologista
5620,223905,TERAPEUTA OCUPACIONAL,1,223905 terapeuta ocupacional
6245,225105,MÉDICO ACUPUNTURISTA,1,225105 medico acupunturista
6197,911120,MECÂNICO DE MANUTENÇÃO DE MOTORES DIESEL (EXCETO DE VEÍCULOS AUTOMOTORES),1,911120 mecanico de manutencao de motores diesel (exceto de veiculos automotores)
6341,214110,ARQUITETO DE INTERIORES,1,214110 arquiteto de interiores
5742,716610,PINTOR DE OBRAS,1,716610 pintor de obras
6309,223445,FARMACÊUTICO HOSPITALAR E CLÍNICO,1,223445 farmaceutico hospitalar e clinico
5997,773405,OPERADOR DE MÁQUINA BORDATRIZ,1,773405 operador de maquina bordatriz
6239,223540,ENFERMEIRO NEONATOLOGISTA,1,223540 enfermeiro neonatologista
6107,351430,AUXILIAR DE SERVIÇOS JURÍDICOS,1,351430 auxiliar de servicos juridicos
6305,223268,CIRURGIÃO DENTISTA - TRAUMATOLOGISTA BUCOMAXILOFACIAL,1,223268 cirurgiao dentista - traumatologista bucomaxilofacial
5648,512105,EMPREGADO DOMÉSTICO NOS SERVIÇOS GERAIS,1,512105 empregado domestico nos servicos gerais
5635,322430,AUXILIAR EM SAÚDE BUCAL DA ESTRATÉGIA DE SAÚDE DA FAMÍLIA,1,322430 auxiliar em saude bucal da estrategia de saude da familia
5614,225142,MÉDICO DA ESTRATÉGIA DE SAÚDE DA FAMÍLIA,1,225142 medico da estrategia de saude da familia
5910,410215,SUPERVISOR DE CONTAS A PAGAR,1,410215 supervisor de contas a pagar
5973,791160,ARTESÃO RENDEIRO,1,791160 artesao rendeiro
5801,239415,PEDAGOGO,1,239415 pedagogo
5845,811820,"OPERADOR DE MÁQUINA DE FABRICAÇÃO DE PRODUTOS DE HIGIENE E LIMPEZA (SABÃO, SABONETE, DETERGENTE, ABSORVENTE, FRALDAS COTONETES E OUTROS)",1,"811820 operador de maquina de fabricacao de produtos de higiene e limpeza (sabao, sabonete, detergente, absorvente, fraldas cotonetes e outros)"
6331,768625,PINTOR DE LETREIROS,1,768625 pintor de letreiros
5896,720155,MESTRE SERRALHEIRO,1,720155 mestre serralheiro
6126,517105,BOMBEIRO DE AERÓDROMO,1,517105 bombeiro de aerodromo
5957,313120,TÉCNICO DE MANUTENÇÃO ELÉTRICA,1,313120 tecnico de manutencao eletrica
6252,225295,MÉDICO CIRURGIÃO DA MÃO,1,225295 medico cirurgiao da mao
5791,715230,PEDREIRO DE EDIFICAÇÕES,1,715230 pedreiro de edificacoes
5913,214935,TECNÓLOGO EM SEGURANÇA DO TRABALHO,1,214935 tecnologo em seguranca do trabalho
5844,214905,ENGENHEIRO DE PRODUÇÃO,1,214905 engenheiro de producao
5854,351720,ASSISTENTE TÉCNICO DE SEGUROS,1,351720 assistente tecnico de seguros
6037,716105,ACABADOR DE SUPERFÍCIES DE CONCRETO,1,716105 acabador de superficies de concreto
6238,223535,ENFERMEIRO NEFROLOGISTA,1,223535 enfermeiro nefrologista
5763,353205,TÉCNICO DE OPERAÇÕES E SERVIÇOS BANCÁRIOS - CÂMBIO,1,353205 tecnico de operacoes e servicos bancarios - cambio
5927,318510,DESENHISTA PROJETISTA DE CONSTRUÇÃO CIVIL,1,318510 desenhista projetista de construcao civil
6249,225290,MÉDICO CANCEROLOGISTA CIRURGÍCO,1,225290 medico cancerologista cirurgico
6046,632605,CARVOEIRO,1,632605 carvoeiro
5705,517310,AGENTE DE SEGURANÇA,1,517310 agente de seguranca
5857,773115,SERRADOR DE BORDAS NO DESDOBRAMENTO DE MADEIRA,1,773115 serrador de bordas no desdobramento de madeira
6068,351705,ANALISTA DE SEGUROS (TÉCNICO),1,351705 analista de seguros (tecnico)
5779,761415,OPERADOR DE CALANDRAS (TECIDOS),1,761415 operador de calandras (tecidos)
5907,314110,TÉCNICO MECÂNICO,1,314110 tecnico mecanico
5800,515135,SOCORRISTA (EXCETO MÉDICOS E ENFERMEIROS),1,515135 socorrista (exceto medicos e enfermeiros)
5701,410105,SUPERVISOR ADMINISTRATIVO,1,410105 supervisor administrativo
6143,321105,TÉCNICO AGRÍCOLA,1,321105 tecnico agricola
6029,841416,COZINHADOR DE CARNES,1,841416 cozinhador de carnes
5967,223650,FISIOTERAPEUTA ACUPUNTURISTA,1,223650 fisioterapeuta acupunturista
6022,353220,TÉCNICO DE OPERAÇÕES E SERVIÇOS BANCÁRIOS - LEASING,1,353220 tecnico de operacoes e servicos bancarios - leasing
5992,848505,ABATEDOR,1,848505 abatedor
5659,252305,SECRETÁRIA EXECUTIVA,1,252305 secretaria executiva
5926,524205,FEIRANTE,1,524205 feirante
5958,354125,ASSISTENTE DE VENDAS,1,354125 assistente de vendas
6155,517405,PORTEIRO (HOTEL),1,517405 porteiro (hotel)
5766,782315,MOTORISTA DE TÁXI,1,782315 motorista de taxi
5932,261110,ASSESSOR DE IMPRENSA,1,261110 assessor de imprensa
5878,203525,PESQUISADOR EM PSICOLOGIA,1,203525 pesquisador em psicologia
5815,331105,PROFESSOR DE NÍVEL MÉDIO NA EDUCAÇÃO INFANTIL,1,331105 professor de nivel medio na educacao infantil
5674,214205,ENGENHEIRO CIVIL,1,214205 engenheiro civil
5789,231315,PROFESSOR DE EDUCAÇÃO FÍSICA DO ENSINO FUNDAMENTAL,1,231315 professor de educacao fisica do ensino fundamental
6089,716205,TELHADOR (TELHAS DE ARGILA E MATERIAS SIMILARES),1,716205 telhador (telhas de argila e materias similares)
5625,251510,PSICÓLOGO CLÍNICO,1,251510 psicologo clinico
5980,351805,DETETIVE PROFISSIONAL,1,351805 detetive profissional
6314,223840,FONOAUDIÓLOGO EM SAÚDE COLETIVA,1,223840 fonoaudiologo em saude coletiva
5901,913105,MECÂNICO DE MANUTENÇÃO DE APARELHOS DE LEVANTAMENTO,1,913105 mecanico de manutencao de aparelhos de levantamento
6041,861105,OPERADOR DE CENTRAL HIDRELÉTRICA,1,861105 operador de central hidreletrica
6164,848325,TRABALHADOR DE FABRICAÇÃO DE SORVETE,1,848325 trabalhador de fabricacao de sorvete
6156,251405,FILÓSOFO,1,251405 filosofo
6150,513305,CAMAREIRA DE TEATRO,1,513305 camareira de teatro
5824,751020,LAPIDADOR (JÓIAS),1,751020 lapidador (joias)
6221,234410,PROFESSOR DE EDUCAÇÃO FÍSICA NO ENSINO SUPERIOR,1,234410 professor de educacao fisica no ensino superior
6307,2236I1,TÉCNICO EM ORIENTAÇÃO E MOBILIDADE DE CEGOS E DEFICIENTES VISUAIS,1,2236I1 tecnico em orientacao e mobilidade de cegos e deficientes visuais
5703,354705,REPRESENTANTE COMERCIAL AUTÔNOMO,1,354705 representante comercial autonomo
6069,992210,ENCARREGADO DE EQUIPE DE CONSERVAÇÃO DE VIAS PERMANENTES (EXCETO TRILHOS),1,992210 encarregado de equipe de conservacao de vias permanentes (exceto trilhos)
6060,203125,PESQUISADOR EM QUÍMICA,1,203125 pesquisador em quimica
5945,142530,GERENTE DE SUPORTE TÉCNICO DE TECNOLOGIA DA INFORMAÇÃO,1,142530 gerente de suporte tecnico de tecnologia da informacao
6136,314615,TÉCNICO EM ESTRUTURAS METÁLICAS,1,314615 tecnico em estruturas metalicas
5835,262415,CONSERVADOR-RESTAURADOR DE BENS CULTURAIS,1,262415 conservador-restaurador de bens culturais
6334,322305,TÉCNICO EM ÓPTICA E OPTOMETRIA,1,322305 tecnico em optica e optometria
6009,234115,PROFESSOR DE ESTATÍSTICA (NO ENSINO SUPERIOR),1,234115 professor de estatistica (no ensino superior)
5847,951105,ELETRICISTA DE MANUTENÇÃO ELETROELETRÔNICA,1,951105 eletricista de manutencao eletroeletronica
5955,242235,PROMOTOR DE JUSTIÇA,1,242235 promotor de justica
5868,123805,DIRETOR DE MANUTENÇÃO,1,123805 diretor de manutencao
5974,992205,ENCARREGADO GERAL DE OPERAÇÕES DE CONSERVAÇÃO DE VIAS PERMANENTES (EXCETO TRILHOS),1,992205 encarregado geral de operacoes de conservacao de vias permanentes (exceto trilhos)
5657,513205,COZINHEIRO GERAL,1,513205 cozinheiro geral
6358,517425,FISCAL DE LOJA,1,517425 fiscal de loja
6338,261140,REVISOR DE TEXTO,1,261140 revisor de texto
5738,354110,AGENCIADOR DE PROPAGANDA,1,354110 agenciador de propaganda
6258,225305,MÉDICO CITOPATOLOGISTA,1,225305 medico citopatologista
6039,992225,AUXILIAR GERAL DE CONSERVAÇÃO DE VIAS PERMANENTES (EXCETO TRILHOS),1,992225 auxiliar geral de conservacao de vias permanentes (exceto trilhos)
6204,515140,AGENTE DE COMBATE ÀS ENDEMIAS,1,515140 agente de combate as endemias
5718,715305,ARMADOR DE ESTRUTURA DE CONCRETO,1,715305 armador de estrutura de concreto
5841,374145,DJ (DISC JOCKEY),1,374145 dj (disc jockey)
5737,223405,FARMACÊUTICO,1,223405 farmaceutico
5867,516220,CUIDADOR EM SAÚDE,1,516220 cuidador em saude
5727,234405,PROFESSOR DE CIÊNCIAS BIOLÓGICAS DO ENSINO SUPERIOR,1,234405 professor de ciencias biologicas do ensino superior
5838,234305,PROFESSOR DE ARQUITETURA,1,234305 professor de arquitetura
6237,223530,ENFERMEIRO DO TRABALHO,1,223530 enfermeiro do trabalho
6233,322215,TÉCNICO DE ENFERMAGEM DO TRABALHO,1,322215 tecnico de enfermagem do trabalho
5641,322205,TÉCNICO DE ENFERMAGEM,1,322205 tecnico de enfermagem
6229,225225,MÉDICO CIRURGIÃO GERAL,1,225225 medico cirurgiao geral
6336,262905,DECORADOR DE INTERIORES DE NÍVEL SUPERIOR,1,262905 decorador de interiores de nivel superior
5693,517415,PORTEIRO DE LOCAIS DE DIVERSÃO,1,517415 porteiro de locais de diversao
5923,811115,OPERADOR DE BRITADEIRA (TRATAMENTOS QUÍMICOS E AFINS),1,811115 operador de britadeira (tratamentos quimicos e afins)
5952,373210,TÉCNICO EM OPERAÇÃO DE EQUIPAMENTO DE EXIBIÇÃO DE TELEVISÃO,1,373210 tecnico em operacao de equipamento de exibicao de televisao
5753,422110,RECEPCIONISTA DE CONSULTÓRIO MÉDICO OU DENTÁRIO,1,422110 recepcionista de consultorio medico ou dentario
5617,322245,TÉCNICO DE ENFERMAGEM DA ESTRATÉGIA DE SAÚDE DA FAMÍLIA,1,322245 tecnico de enfermagem da estrategia de saude da familia
6185,783215,CARREGADOR (VEÍCULOS DE TRANSPORTES TERRESTRES),1,783215 carregador (veiculos de transportes terrestres)
5931,214515,"ENGENHEIRO QUÍMICO (MINERAÇÃO, METALURGIA, SIDERURGIA, CIMENTEIRA E CERÂMICA)",1,"214515 engenheiro quimico (mineracao, metalurgia, siderurgia, cimenteira e ceramica)"
6216,910120,SUPERVISOR DE MANUTENÇÃO DE MÁQUINAS GRÁFICAS,1,910120 supervisor de manutencao de maquinas graficas
6328,513430,COPEIRO DE HOSPITAL,1,513430 copeiro de hospital
6295,223276,CIRURGIÃO DENTISTA - ODONTOLOGIA DO TRABALHO,1,223276 cirurgiao dentista - odontologia do trabalho
5733,234505,PROFESSOR DE ENSINO SUPERIOR NA ÁREA DE DIDÁTICA,1,234505 professor de ensino superior na area de didatica
5987,414205,APONTADOR DE MÃO-DE-OBRA,1,414205 apontador de mao-de-obra
6202,331305,PROFESSOR DE NÍVEL MÉDIO NO ENSINO PROFISSIONALIZANTE,1,331305 professor de nivel medio no ensino profissionalizante
6120,261135,REPÓRTER (EXCLUSIVE RÁDIO E TELEVISÃO),1,261135 reporter (exclusive radio e televisao)
6259,225280,MÉDICO COLOPROCTOLOGISTA,1,225280 medico coloproctologista
5971,773305,OPERADOR DE DESEMPENADEIRA NA USINAGEM CONVENCIONAL DE MADEIRA,1,773305 operador de desempenadeira na usinagem convencional de madeira
6103,223212,CIRURGIÃO DENTISTA - ENDODONTISTA,1,223212 cirurgiao dentista - endodontista
5650,422105,"RECEPCIONISTA, EM GERAL",1,"422105 recepcionista, em geral"
5829,214105,ARQUITETO DE EDIFICAÇÕES,1,214105 arquiteto de edificacoes
5678,142305,GERENTE COMERCIAL,1,142305 gerente comercial
6133,223305,MÉDICO VETERINÁRIO,1,223305 medico veterinario
5898,721215,OPERADOR DE MÁQUINAS-FERRAMENTA CONVENCIONAIS,1,721215 operador de maquinas-ferramenta convencionais
5803,841456,OPERADOR DE CÂMARAS FRIAS,1,841456 operador de camaras frias
6326,1312C1,SANITARISTA,1,1312C1 sanitarista
6227,251550,PSICANALISTA,1,251550 psicanalista
6349,313210,TÉCNICO DE MANUTENÇÃO ELETRÔNICA (CIRCUITOS DE MÁQUINAS COM COMANDO NUMÉRICO),1,313210 tecnico de manutencao eletronica (circuitos de maquinas com comando numerico)
6286,2231F8,MÉDICO EM MEDICINA PREVENTIVA E SOCIAL,1,2231F8 medico em medicina preventiva e social
5775,203520,PESQUISADOR EM HISTÓRIA,1,203520 pesquisador em historia
5856,322210,TÉCNICO DE ENFERMAGEM DE TERAPIA INTENSIVA,1,322210 tecnico de enfermagem de terapia intensiva
5814,512115,EMPREGADO DOMÉSTICO FAXINEIRO,1,512115 empregado domestico faxineiro
5782,313215,TÉCNICO ELETRÔNICO,1,313215 tecnico eletronico
6342,317110,PROGRAMADOR DE SISTEMAS DE INFORMAÇÃO,1,317110 programador de sistemas de informacao
6196,612810,PRODUTOR DE PLANTAS AROMÁTICAS E MEDICINAIS,1,612810 produtor de plantas aromaticas e medicinais
6135,324210,AUXILIAR TÉCNICO EM PATOLOGIA CLÍNICA,1,324210 auxiliar tecnico em patologia clinica
6289,223204,CIRURGIÃO DENTISTA - AUDITOR,1,223204 cirurgiao dentista - auditor
5929,233120,PROFESSOR DE TÉCNICAS COMERCIAIS E SECRETARIAIS,1,233120 professor de tecnicas comerciais e secretariais
6153,414210,APONTADOR DE PRODUÇÃO,1,414210 apontador de producao
6284,225330,MÉDICO RADIOTERAPEUTA,1,225330 medico radioterapeuta
5826,241015,ADVOGADO (DIREITO CIVIL),1,241015 advogado (direito civil)
6313,223630,FISIOTERAPEUTA NEUROFUNCIONAL,1,223630 fisioterapeuta neurofuncional
5707,252105,ADMINISTRADOR,1,252105 administrador
5631,225250,MÉDICO GINECOLOGISTA E OBSTETRA,1,225250 medico ginecologista e obstetra
6209,122305,DIRETOR DE OPERAÇÕES DE OBRAS PÚBLICA E CIVIL,1,122305 diretor de operacoes de obras publica e civil
5979,751110,FUNDIDOR (JOALHERIA E OURIVESARIA),1,751110 fundidor (joalheria e ourivesaria)
6031,342405,AGENTE DE ESTAÇÃO (FERROVIA E METRÔ),1,342405 agente de estacao (ferrovia e metro)
5921,519110,MOTOCICLISTA NO TRANSPORTE DE DOCUMENTOS E PEQUENOS VOLUMES,1,519110 motociclista no transporte de documentos e pequenos volumes
6018,784205,ALIMENTADOR DE LINHA DE PRODUÇÃO,1,784205 alimentador de linha de producao
6251,225210,MÉDICO CIRURGIÃO CARDIOVASCULAR,1,225210 medico cirurgiao cardiovascular
5629,223208,CIRURGIÃO DENTISTA - CLÍNICO GERAL,1,223208 cirurgiao dentista - clinico geral
5627,223293,CIRURGIÃO-DENTISTA DA ESTRATÉGIA DE SAÚDE DA FAMÍLIA,1,223293 cirurgiao-dentista da estrategia de saude da familia
5889,848110,SALGADOR DE ALIMENTOS,1,848110 salgador de alimentos
5822,234624,PROFESSOR DE LÍNGUA PORTUGUESA,1,234624 professor de lingua portuguesa
5811,353235,CHEFE DE SERVIÇOS BANCÁRIOS,1,353235 chefe de servicos bancarios
6223,225139,MÉDICO SANITARISTA,1,225139 medico sanitarista
6270,225340,MÉDICO HEMOTERAPEUTA,1,225340 medico hemoterapeuta
6087,211205,ESTATÍSTICO,1,211205 estatistico
5714,524305,VENDEDOR AMBULANTE,1,524305 vendedor ambulante
5798,515210,AUXILIAR DE FARMÁCIA DE MANIPULAÇÃO,1,515210 auxiliar de farmacia de manipulacao
6181,231335,PROFESSOR DE LÍNGUA PORTUGUESA DO ENSINO FUNDAMENTAL,1,231335 professor de lingua portuguesa do ensino fundamental
6231,322235,AUXILIAR DE ENFERMAGEM DO TRABALHO,1,322235 auxiliar de enfermagem do trabalho
6350,214115,ARQUITETO DE PATRIMÔNIO,1,214115 arquiteto de patrimonio
5950,513605,CHURRASQUEIRO,1,513605 churrasqueiro
6028,253115,AGENTE PUBLICITÁRIO,1,253115 agente publicitario
5864,331205,PROFESSOR DE NÍVEL MÉDIO NO ENSINO FUNDAMENTAL,1,331205 professor de nivel medio no ensino fundamental
5764,513405,GARÇOM,1,513405 garcom
6323,251520,PSICÓLOGO HOSPITALAR,1,251520 psicologo hospitalar
5792,351110,CHEFE DE CONTABILIDADE (TÉCNICO),1,351110 chefe de contabilidade (tecnico)
6093,212405,ANALISTA DE DESENVOLVIMENTO DE SISTEMAS,1,212405 analista de desenvolvimento de sistemas
5790,517215,GUARDA-CIVIL MUNICIPAL,1,517215 guarda-civil municipal
5681,351605,TÉCNICO EM SEGURANÇA NO TRABALHO,1,351605 tecnico em seguranca no trabalho
6010,516125,MAQUIADOR,1,516125 maquiador
6157,214405,ENGENHEIRO MECÂNICO,1,214405 engenheiro mecanico
6141,763105,AUXILIAR DE CORTE (PREPARAÇÃO DA CONFECÇÃO DE ROUPAS),1,763105 auxiliar de corte (preparacao da confeccao de roupas)
6160,410205,SUPERVISOR DE ALMOXARIFADO,1,410205 supervisor de almoxarifado
6265,225315,MÉDICO EM MEDICINA NUCLEAR,1,225315 medico em medicina nuclear
6352,950205,ENCARREGADO DE MANUTENÇÃO ELÉTRICA DE VEÍCULOS,1,950205 encarregado de manutencao eletrica de veiculos
5666,517420,VIGIA,1,517420 vigia
5799,513435,ATENDENTE DE LANCHONETE,1,513435 atendente de lanchonete
5765,313220,TÉCNICO EM MANUTENÇÃO DE EQUIPAMENTOS DE INFORMÁTICA,1,313220 tecnico em manutencao de equipamentos de informatica
6007,231320,PROFESSOR DE GEOGRAFIA DO ENSINO FUNDAMENTAL,1,231320 professor de geografia do ensino fundamental
5622,225124,MÉDICO PEDIATRA,1,225124 medico pediatra
6073,141505,GERENTE DE HOTEL,1,141505 gerente de hotel
6161,263115,TEÓLOGO,1,263115 teologo
6021,252215,PERITO CONTÁBIL,1,252215 perito contabil
6234,322220,TÉCNICO DE ENFERMAGEM PSIQUIÁTRICA,1,322220 tecnico de enfermagem psiquiatrica
5855,818105,ASSISTENTE DE LABORATÓRIO INDUSTRIAL,1,818105 assistente de laboratorio industrial
5675,514320,FAXINEIRO,1,514320 faxineiro
6297,223232,CIRURGIÃO DENTISTA - ODONTOLOGISTA LEGAL,1,223232 cirurgiao dentista - odontologista legal
5723,848310,CONFEITEIRO,1,848310 confeiteiro
6355,203510,PESQUISADOR EM ECONOMIA,1,203510 pesquisador em economia
6267,225165,MÉDICO GASTROENTEROLOGISTA,1,225165 medico gastroenterologista
6163,262205,DIRETOR DE CINEMA,1,262205 diretor de cinema
5685,516110,CABELEIREIRO,1,516110 cabeleireiro
6187,314210,TÉCNICO MECÂNICO NA MANUTENÇÃO DE FERRAMENTAS,1,314210 tecnico mecanico na manutencao de ferramentas
6056,622115,TRABALHADOR DA CULTURA DE MILHO E SORGO,1,622115 trabalhador da cultura de milho e sorgo
6354,251120,SOCIÓLOGO,1,251120 sociologo
5993,841710,FILTRADOR DE CERVEJA,1,841710 filtrador de cerveja
5687,252405,ANALISTA DE RECURSOS HUMANOS,1,252405 analista de recursos humanos
6188,391205,INSPETOR DE QUALIDADE,1,391205 inspetor de qualidade
6332,214335,ENGENHEIRO DE MANUTENÇÃO DE TELECOMUNICAÇÕES,1,214335 engenheiro de manutencao de telecomunicacoes
5710,911305,"MECÂNICO DE MANUTENÇÃO DE MÁQUINAS, EM GERAL",1,"911305 mecanico de manutencao de maquinas, em geral"
5780,517410,PORTEIRO DE EDIFÍCIOS,1,517410 porteiro de edificios
6047,861205,OPERADOR DE SUBESTAÇÃO,1,861205 operador de subestacao
6064,241030,ADVOGADO (ÁREAS ESPECIAIS),1,241030 advogado (areas especiais)
6230,515125,AGENTE INDÍGENA DE SAÚDE,1,515125 agente indigena de saude
6034,913120,MECÂNICO DE MANUTENÇÃO DE MÁQUINAS DE CONSTRUÇÃO E TERRAPLENAGEM,1,913120 mecanico de manutencao de maquinas de construcao e terraplenagem
5755,351425,OFICIAL DE JUSTIÇA,1,351425 oficial de justica
6315,223815,FONOAUDIÓLOGO EDUCACIONAL,1,223815 fonoaudiologo educacional
5816,862120,OPERADOR DE CALDEIRA,1,862120 operador de caldeira
5934,711405,GARIMPEIRO,1,711405 garimpeiro
6170,131105,DIRETOR DE SERVIÇOS CULTURAIS,1,131105 diretor de servicos culturais
5752,333105,INSTRUTOR DE AUTO-ESCOLA,1,333105 instrutor de auto-escola
5924,514310,AUXILIAR DE MANUTENÇÃO PREDIAL,1,514310 auxiliar de manutencao predial
6129,233215,PROFESSOR DE APRENDIZAGEM E TREINAMENTO COMERCIAL,1,233215 professor de aprendizagem e treinamento comercial
5983,711205,OPERADOR DE CAMINHÃO (MINAS E PEDREIRAS),1,711205 operador de caminhao (minas e pedreiras)
5848,314120,TÉCNICO MECÂNICO (MÁQUINAS),1,314120 tecnico mecanico (maquinas)
6095,761309,TECELÃO (TEAR AUTOMÁTICO),1,761309 tecelao (tear automatico)
5632,322250,AUXILIAR DE ENFERMAGEM DA ESTRATÉGIA DE SAÚDE DA FAMÍLIA,1,322250 auxiliar de enfermagem da estrategia de saude da familia
5700,262710,MÚSICO INTÉRPRETE INSTRUMENTISTA,1,262710 musico interprete instrumentista
6053,621005,TRABALHADOR AGROPECUÁRIO EM GERAL,1,621005 trabalhador agropecuario em geral
5995,241035,ADVOGADO (DIREITO DO TRABALHO),1,241035 advogado (direito do trabalho)
5900,231210,PROFESSOR DE NÍVEL SUPERIOR DO ENSINO FUNDAMENTAL (PRIMEIRA A QUARTA SÉRIE),1,231210 professor de nivel superior do ensino fundamental (primeira a quarta serie)
6114,234320,PROFESSOR DE GEOLOGIA,1,234320 professor de geologia
5981,517320,VIGIA FLORESTAL,1,517320 vigia florestal
5773,515215,AUXILIAR DE LABORATÓRIO DE ANÁLISES CLÍNICAS,1,515215 auxiliar de laboratorio de analises clinicas
5793,724440,SERRALHEIRO,1,724440 serralheiro
5805,313130,TÉCNICO ELETRICISTA,1,313130 tecnico eletricista
6356,322110,PODÓLOGO,1,322110 podologo
5731,791115,ARTESÃO COM MATERIAL RECICLÁVEL,1,791115 artesao com material reciclavel
6038,131315,GERENTE DE INSTITUIÇÃO EDUCACIONAL DA ÁREA PRIVADA,1,131315 gerente de instituicao educacional da area privada
5770,141510,GERENTE DE RESTAURANTE,1,141510 gerente de restaurante
6304,223260,CIRURGIÃO DENTISTA - RADIOLOGISTA,1,223260 cirurgiao dentista - radiologista
6261,225203,MÉDICO EM CIRURGIA VASCULAR,1,225203 medico em cirurgia vascular
6178,322410,PROTÉTICO DENTÁRIO,1,322410 protetico dentario
5784,791140,ARTESÃO TECELÃO,1,791140 artesao tecelao
5757,716305,VIDRACEIRO,1,716305 vidraceiro
6125,764305,ACABADOR DE CALÇADOS,1,764305 acabador de calcados
6110,783210,CARREGADOR (ARMAZÉM),1,783210 carregador (armazem)
6014,991315,PINTOR DE VEÍCULOS (REPARAÇÃO),1,991315 pintor de veiculos (reparacao)
6147,516505,AGENTE FUNERÁRIO,1,516505 agente funerario
6015,516345,AUXILIAR DE LAVANDERIA,1,516345 auxiliar de lavanderia
5704,341205,CONTRAMESTRE DE CABOTAGEM,1,341205 contramestre de cabotagem
6081,262105,EMPRESÁRIO DE ESPETÁCULO,1,262105 empresario de espetaculo
5920,420135,SUPERVISOR DE TELEMARKETING E ATENDIMENTO,1,420135 supervisor de telemarketing e atendimento
5861,791120,ARTESÃO CONFECCIONADOR DE BIOJÓIAS E ECOJÓIAS,1,791120 artesao confeccionador de biojoias e ecojoias
6048,374125,TÉCNICO EM SONORIZAÇÃO,1,374125 tecnico em sonorizacao
6020,225140,MÉDICO DO TRABALHO,1,225140 medico do trabalho
6224,225170,MÉDICO GENERALISTA,1,225170 medico generalista
6051,840120,CHEFE DE CONFEITARIA,1,840120 chefe de confeitaria
6250,225122,MÉDICO CANCEROLOGISTA PEDIÁTRICO,1,225122 medico cancerologista pediatrico
6140,513220,COZINHEIRO DE HOSPITAL,1,513220 cozinheiro de hospital
6117,519910,CONTROLADOR DE PRAGAS,1,519910 controlador de pragas
6118,354140,TÉCNICO EM ATENDIMENTO E VENDAS,1,354140 tecnico em atendimento e vendas
5794,516105,BARBEIRO,1,516105 barbeiro
5647,516210,CUIDADOR DE IDOSOS,1,516210 cuidador de idosos
6032,782125,OPERADOR DE MONTA-CARGAS (CONSTRUÇÃO CIVIL),1,782125 operador de monta-cargas (construcao civil)
5877,716525,MARMORISTA (CONSTRUÇÃO),1,716525 marmorista (construcao)
6264,225150,MÉDICO EM MEDICINA INTENSIVA,1,225150 medico em medicina intensiva
5796,311410,TÉCNICO EM PLÁSTICO,1,311410 tecnico em plastico
5679,782405,MOTORISTA DE ÔNIBUS RODOVIÁRIO,1,782405 motorista de onibus rodoviario
6145,821245,OPERADOR DE ÁREA DE CORRIDA,1,821245 operador de area de corrida
5806,731320,INSTALADOR-REPARADOR DE LINHAS E APARELHOS DE TELECOMUNICAÇÕES,1,731320 instalador-reparador de linhas e aparelhos de telecomunicacoes
6192,223410,FARMACÊUTICO BIOQUÍMICO,1,223410 farmaceutico bioquimico
6113,632615,AJUDANTE DE CARVOARIA,1,632615 ajudante de carvoaria
6225,225136,MÉDICO REUMATOLOGISTA,1,225136 medico reumatologista
6082,422215,MONITOR DE TELEATENDIMENTO,1,422215 monitor de teleatendimento
5842,225180,MÉDICO GERIATRA,1,225180 medico geriatra
6001,314105,TÉCNICO EM MECÂNICA DE PRECISÃO,1,314105 tecnico em mecanica de precisao
5715,510310,SUPERVISOR DE VIGILANTES,1,510310 supervisor de vigilantes
6026,313415,"ENCARREGADO DE MANUTENÇÃO DE INSTRUMENTOS DE CONTROLE, MEDIÇÃO E SIMILARES",1,"313415 encarregado de manutencao de instrumentos de controle, medicao e similares"
5717,821415,MARCADOR DE PRODUTOS (SIDERÚRGICO E METALÚRGICO),1,821415 marcador de produtos (siderurgico e metalurgico)
6296,223288,CIRURGIÃO DENTISTA - ODONTOLOGIA PARA PACIENTES COM NECESSIDADES ESPECIAIS,1,223288 cirurgiao dentista - odontologia para pacientes com necessidades especiais
6327,131205,DIRETOR DE SERVIÇOS DE SAÚDE,1,131205 diretor de servicos de saude
5919,261125,JORNALISTA,1,261125 jornalista
5698,914405,"MECÂNICO DE MANUTENÇÃO DE AUTOMÓVEIS, MOTOCICLETAS E VEÍCULOS SIMILARES",1,"914405 mecanico de manutencao de automoveis, motocicletas e veiculos similares"
5664,231205,PROFESSOR DA EDUCAÇÃO DE JOVENS E ADULTOS DO ENSINO FUNDAMENTAL (PRIMEIRA A QUARTA SÉRIE),1,231205 professor da educacao de jovens e adultos do ensino fundamental (primeira a quarta serie)
5862,751010,JOALHEIRO,1,751010 joalheiro
6226,225103,MÉDICO INFECTOLOGISTA,1,225103 medico infectologista
6180,342535,OPERADOR DE ATENDIMENTO AEROVIÁRIO,1,342535 operador de atendimento aeroviario
6100,763210,COSTUREIRO NA CONFECÇÃO EM SÉRIE,1,763210 costureiro na confeccao em serie
6023,223280,CIRURGIÃO DENTISTA - DENTÍSTICA,1,223280 cirurgiao dentista - dentistica
6059,313310,TÉCNICO DE REDE (TELECOMUNICAÇÕES),1,313310 tecnico de rede (telecomunicacoes)
5873,322415,AUXILIAR EM SAÚDE BUCAL,1,322415 auxiliar em saude bucal
5669,782310,MOTORISTA DE FURGÃO OU VEÍCULO SIMILAR,1,782310 motorista de furgao ou veiculo similar
5812,234105,PROFESSOR DE MATEMÁTICA APLICADA (NO ENSINO SUPERIOR),1,234105 professor de matematica aplicada (no ensino superior)
6218,519305,AUXILIAR DE VETERINÁRIO,1,519305 auxiliar de veterinario
6241,223550,ENFERMEIRO PSIQUIÁTRICO,1,223550 enfermeiro psiquiatrico
6054,611005,"PRODUTOR AGROPECUÁRIO, EM GERAL",1,"611005 produtor agropecuario, em geral"
5713,521135,FRENTISTA,1,521135 frentista
5869,791110,ARTESÃO CERAMISTA,1,791110 artesao ceramista
6012,234120,PROFESSOR DE COMPUTAÇÃO (NO ENSINO SUPERIOR),1,234120 professor de computacao (no ensino superior)
6168,791150,ARTESÃO CROCHETEIRO,1,791150 artesao crocheteiro
5936,301110,TÉCNICO DE LABORATÓRIO DE ANÁLISES FÍSICO-QUÍMICAS (MATERIAIS DE CONSTRUÇÃO),1,301110 tecnico de laboratorio de analises fisico-quimicas (materiais de construcao)
6077,515325,SÓCIOEDUCADOR,1,515325 socioeducador
5653,322405,TÉCNICO EM SAÚDE BUCAL,1,322405 tecnico em saude bucal
5938,725420,MECÂNICO MONTADOR DE TURBOALIMENTADORES,1,725420 mecanico montador de turboalimentadores
5818,131310,DIRETOR DE INSTITUIÇÃO EDUCACIONAL PÚBLICA,1,131310 diretor de instituicao educacional publica
5807,818110,AUXILIAR DE LABORATÓRIO DE ANÁLISES FÍSICO-QUÍMICAS,1,818110 auxiliar de laboratorio de analises fisico-quimicas
5768,214915,ENGENHEIRO DE SEGURANÇA DO TRABALHO,1,214915 engenheiro de seguranca do trabalho
5658,234420,PROFESSOR DE FARMÁCIA E BIOQUÍMICA,1,234420 professor de farmacia e bioquimica
6090,318305,DESENHISTA TÉCNICO (ELETRICIDADE E ELETRÔNICA),1,318305 desenhista tecnico (eletricidade e eletronica)
5998,415130,OPERADOR DE MÁQUINA COPIADORA (EXCETO OPERADOR DE GRÁFICA RÁPIDA),1,415130 operador de maquina copiadora (exceto operador de grafica rapida)
6052,991110,INSPETOR DE VIA PERMANENTE (TRILHOS),1,991110 inspetor de via permanente (trilhos)
5702,239405,COORDENADOR PEDAGÓGICO,1,239405 coordenador pedagogico
5668,763015,COSTUREIRA DE REPARAÇÃO DE ROUPAS,1,763015 costureira de reparacao de roupas
5761,415205,CARTEIRO,1,415205 carteiro
5843,752430,"PINTOR DE CERÂMICA, A PINCEL",1,"752430 pintor de ceramica, a pincel"
5908,261205,BIBLIOTECÁRIO,1,261205 bibliotecario
5827,511405,GUIA DE TURISMO,1,511405 guia de turismo
6288,225154,MÉDICO ANTROPOSÓFICO,1,225154 medico antroposofico
6348,954105,ELETROMECÂNICO DE MANUTENÇÃO DE ELEVADORES,1,954105 eletromecanico de manutencao de elevadores
6127,763125,AJUDANTE DE CONFECÇÃO,1,763125 ajudante de confeccao
6058,841420,COZINHADOR DE FRUTAS E LEGUMES,1,841420 cozinhador de frutas e legumes
5656,773355,TORNEIRO NA USINAGEM CONVENCIONAL DE MADEIRA,1,773355 torneiro na usinagem convencional de madeira
6167,21110,SARGENTO DA POLÍCIA MILITAR,1,021110 sargento da policia militar
5787,271105,CHEFE DE COZINHA,1,271105 chefe de cozinha
6306,223272,CIRURGIÃO DENTISTA DE SAÚDE COLETIVA,1,223272 cirurgiao dentista de saude coletiva
6027,262610,MÚSICO ARRANJADOR,1,262610 musico arranjador
5956,422305,OPERADOR DE TELEMARKETING ATIVO,1,422305 operador de telemarketing ativo
5860,623020,TRATADOR DE ANIMAIS,1,623020 tratador de animais
6279,225121,MÉDICO ONCOLOGISTA CLÍNICO,1,225121 medico oncologista clinico
5891,514205,COLETOR DE LIXO DOMICILIAR,1,514205 coletor de lixo domiciliar
6099,517210,POLICIAL RODOVIÁRIO FEDERAL,1,517210 policial rodoviario federal
5972,862115,OPERADOR DE BATERIA DE GÁS DE HULHA,1,862115 operador de bateria de gas de hulha
5626,251605,ASSISTENTE SOCIAL,1,251605 assistente social
5874,261805,FOTÓGRAFO,1,261805 fotografo
5986,351115,CONSULTOR CONTÁBIL (TÉCNICO),1,351115 consultor contabil (tecnico)
5892,31205,CABO BOMBEIRO MILITAR,1,031205 cabo bombeiro militar
6035,317115,PROGRAMADOR DE MÁQUINAS - FERRAMENTA COM COMANDO NUMÉRICO,1,317115 programador de maquinas - ferramenta com comando numerico
5968,141415,GERENTE DE LOJA E SUPERMERCADO,1,141415 gerente de loja e supermercado
5616,225130,MÉDICO DE FAMÍLIA E COMUNIDADE,1,225130 medico de familia e comunidade
5730,5152A1,MICROSCOPISTA,1,5152A1 microscopista
5859,715225,PEDREIRO (MINERAÇÃO),1,715225 pedreiro (mineracao)
6105,313205,TÉCNICO DE MANUTENÇÃO ELETRÔNICA,1,313205 tecnico de manutencao eletronica
6257,225240,MÉDICO CIRURGIÃO TORÁCICO,1,225240 medico cirurgiao toracico
5872,252320,TECNÓLOGO EM SECRETARIADO ESCOLAR,1,252320 tecnologo em secretariado escolar
6292,223220,CIRURGIÃO DENTISTA - ESTOMATOLOGISTA,1,223220 cirurgiao dentista - estomatologista
5619,322230,AUXILIAR DE ENFERMAGEM,1,322230 auxiliar de enfermagem
5834,771105,MARCENEIRO,1,771105 marceneiro
6177,641015,TRATORISTA AGRÍCOLA,1,641015 tratorista agricola
5943,782220,OPERADOR DE EMPILHADEIRA,1,782220 operador de empilhadeira
5849,351715,ASSISTENTE COMERCIAL DE SEGUROS,1,351715 assistente comercial de seguros
5911,239425,PSICOPEDAGOGO,1,239425 psicopedagogo
5712,521130,ATENDENTE DE FARMÁCIA - BALCONISTA,1,521130 atendente de farmacia - balconista
6337,262505,ATOR,1,262505 ator
5808,311105,TÉCNICO QUÍMICO,1,311105 tecnico quimico
6235,322425,TÉCNICO EM SAÚDE BUCAL DA ESTRATÉGIA DE SAÚDE DA FAMÍLIA,1,322425 tecnico em saude bucal da estrategia de saude da familia
5743,141405,COMERCIANTE ATACADISTA,1,141405 comerciante atacadista
6189,263105,MINISTRO DE CULTO RELIGIOSO,1,263105 ministro de culto religioso
6308,223425,FARMACÊUTICO PRÁTICAS INTEGRATIVAS E COMPLEMENTARES,1,223425 farmaceutico praticas integrativas e complementares
5947,412110,DIGITADOR,1,412110 digitador
6320,251540,PSICÓLOGO DO TRABALHO,1,251540 psicologo do trabalho
6183,341325,CONDUTOR DE MÁQUINAS (MECÂNICO),1,341325 condutor de maquinas (mecanico)
5615,223565,ENFERMEIRO DA ESTRATÉGIA DE SAÚDE DA FAMÍLIA,1,223565 enfermeiro da estrategia de saude da familia
5683,300305,TÉCNICO EM ELETROMECÂNICA,1,300305 tecnico em eletromecanica
6074,333110,INSTRUTOR DE CURSOS LIVRES,1,333110 instrutor de cursos livres
5942,822120,FORNEIRO DE REAQUECIMENTO E TRATAMENTO TÉRMICO NA METALURGIA,1,822120 forneiro de reaquecimento e tratamento termico na metalurgia
6190,630110,SUPERVISOR DA ÁREA FLORESTAL,1,630110 supervisor da area florestal
5728,724110,ENCANADOR,1,724110 encanador
6333,111510,ANALISTA DE PLANEJAMENTO E ORÇAMENTO - APO,1,111510 analista de planejamento e orcamento - apo
6186,783110,MANOBRADOR,1,783110 manobrador
6173,321110,TÉCNICO AGROPECUÁRIO,1,321110 tecnico agropecuario
6175,214005,ENGENHEIRO AMBIENTAL,1,214005 engenheiro ambiental
5725,413110,AUXILIAR DE CONTABILIDADE,1,413110 auxiliar de contabilidade
5893,515305,EDUCADOR SOCIAL,1,515305 educador social
5870,513315,CAMAREIRO DE HOTEL,1,513315 camareiro de hotel
6343,232145,PROFESSOR DE LÍNGUA E LITERATURA BRASILEIRA NO ENSINO MÉDIO,1,232145 professor de lingua e literatura brasileira no ensino medio
6179,142415,GERENTE DE ALMOXARIFADO,1,142415 gerente de almoxarifado
5695,224120,PREPARADOR FÍSICO,1,224120 preparador fisico
5977,225112,MÉDICO NEUROLOGISTA,1,225112 medico neurologista
6062,371105,AUXILIAR DE BIBLIOTECA,1,371105 auxiliar de biblioteca
5783,848510,AÇOUGUEIRO,1,848510 acougueiro
5965,782415,MOTORISTA DE TRÓLEBUS,1,782415 motorista de trolebus
6043,773505,OPERADOR DE CENTRO DE USINAGEM DE MADEIRA (CNC),1,773505 operador de centro de usinagem de madeira (cnc)
5680,516315,LAVADOR DE ARTEFATOS DE TAPEÇARIA,1,516315 lavador de artefatos de tapecaria
5960,221105,BIÓLOGO,1,221105 biologo
5639,411010,ASSISTENTE ADMINISTRATIVO,1,411010 assistente administrativo
6148,351105,TÉCNICO DE CONTABILIDADE,1,351105 tecnico de contabilidade
6165,251205,ECONOMISTA,1,251205 economista
5899,513215,COZINHEIRO INDUSTRIAL,1,513215 cozinheiro industrial
6066,233105,PROFESSOR DA ÁREA DE MEIO AMBIENTE,1,233105 professor da area de meio ambiente
6281,225275,MÉDICO OTORRINOLARINGOLOGISTA,1,225275 medico otorrinolaringologista
5749,10210,OFICIAL DO EXÉRCITO,1,010210 oficial do exercito
6036,232135,PROFESSOR DE GEOGRAFIA NO ENSINO MÉDIO,1,232135 professor de geografia no ensino medio
5726,316305,TÉCNICO DE MINERAÇÃO,1,316305 tecnico de mineracao
5915,214010,TECNÓLOGO EM MEIO AMBIENTE,1,214010 tecnologo em meio ambiente
6293,223224,CIRURGIÃO DENTISTA - IMPLANTODONTISTA,1,223224 cirurgiao dentista - implantodontista
6277,225350,MÉDICO NEUROFISIOLOGISTA CLÍNICO,1,225350 medico neurofisiologista clinico
5646,411005,"AUXILIAR DE ESCRITÓRIO, EM GERAL",1,"411005 auxiliar de escritorio, em geral"
5756,517315,AGENTE DE SEGURANÇA PENITENCIÁRIA,1,517315 agente de seguranca penitenciaria
5736,515310,AGENTE DE AÇÃO SOCIAL,1,515310 agente de acao social
6262,225310,MÉDICO EM ENDOSCOPIA,1,225310 medico em endoscopia
6299,223240,CIRURGIÃO DENTISTA - ORTOPEDISTA E ORTODONTISTA,1,223240 cirurgiao dentista - ortopedista e ortodontista
6330,354415,AVALIADOR DE BENS MÓVEIS,1,354415 avaliador de bens moveis
6273,225106,MÉDICO LEGISTA,1,225106 medico legista
5991,519205,CATADOR DE MATERIAL RECICLÁVEL,1,519205 catador de material reciclavel
6033,252540,ANALISTA DE PRODUTOS BANCÁRIOS,1,252540 analista de produtos bancarios
5930,732115,"EXAMINADOR DE CABOS, LINHAS ELÉTRICAS E TELEFÔNICAS",1,"732115 examinador de cabos, linhas eletricas e telefonicas"
6115,351810,INVESTIGADOR DE POLÍCIA,1,351810 investigador de policia
6357,222120,ENGENHEIRO FLORESTAL,1,222120 engenheiro florestal
6220,773340,OPERADOR DE SERRAS (USINAGEM DE MADEIRA),1,773340 operador de serras (usinagem de madeira)
5751,413205,ATENDENTE DE AGÊNCIA,1,413205 atendente de agencia
6205,234520,PROFESSOR DE ENSINO SUPERIOR NA ÁREA DE PRÁTICA DE ENSINO,1,234520 professor de ensino superior na area de pratica de ensino
6339,234310,PROFESSOR DE ENGENHARIA,1,234310 professor de engenharia
5739,715545,MONTADOR DE ANDAIMES (EDIFICAÇÕES),1,715545 montador de andaimes (edificacoes)
5940,520110,SUPERVISOR DE VENDAS COMERCIAL,1,520110 supervisor de vendas comercial
5994,774105,MONTADOR DE MÓVEIS E ARTEFATOS DE MADEIRA,1,774105 montador de moveis e artefatos de madeira
5640,223810,FONOAUDIÓLOGO,1,223810 fonoaudiologo
5665,521125,REPOSITOR DE MERCADORIAS,1,521125 repositor de mercadorias
5734,212210,ENGENHEIRO DE EQUIPAMENTOS EM COMPUTAÇÃO,1,212210 engenheiro de equipamentos em computacao
5706,782305,MOTORISTA DE CARRO DE PASSEIO,1,782305 motorista de carro de passeio
6055,712225,TORNEIRO (LAVRA DE PEDRA),1,712225 torneiro (lavra de pedra)
5876,232105,PROFESSOR DE ARTES NO ENSINO MÉDIO,1,232105 professor de artes no ensino medio
5670,991305,FUNILEIRO DE VEÍCULOS (REPARAÇÃO),1,991305 funileiro de veiculos (reparacao)
6002,372115,OPERADOR DE CÂMERA DE TELEVISÃO,1,372115 operador de camera de televisao
5917,515120,VISITADOR SANITÁRIO,1,515120 visitador sanitario
5982,763320,OPERADOR DE MÁQUINA DE COSTURA DE ACABAMENTO,1,763320 operador de maquina de costura de acabamento
5686,317210,TÉCNICO DE APOIO AO USUÁRIO DE INFORMÁTICA (HELPDESK),1,317210 tecnico de apoio ao usuario de informatica (helpdesk)
5918,813125,"OPERADOR DE PRODUÇÃO (QUÍMICA, PETROQUÍMICA E AFINS)",1,"813125 operador de producao (quimica, petroquimica e afins)"
6084,715515,CARPINTEIRO (CENÁRIOS),1,715515 carpinteiro (cenarios)
5839,375120,DECORADOR DE EVENTOS,1,375120 decorador de eventos
6228,225335,MÉDICO PATOLOGISTA CLÍNICO / MEDICINA LABORATORIAL,1,225335 medico patologista clinico / medicina laboratorial
6200,376215,ARTISTA DE CIRCO (OUTROS),1,376215 artista de circo (outros)
5735,413230,OPERADOR DE COBRANÇA BANCÁRIA,1,413230 operador de cobranca bancaria
5866,325105,AUXILIAR TÉCNICO EM LABORATÓRIO DE FARMÁCIA,1,325105 auxiliar tecnico em laboratorio de farmacia
5745,521105,VENDEDOR EM COMÉRCIO ATACADISTA,1,521105 vendedor em comercio atacadista
6211,725705,MECÂNICO DE REFRIGERAÇÃO,1,725705 mecanico de refrigeracao
5941,111220,SECRETÁRIO-EXECUTIVO,1,111220 secretario-executivo
6078,513310,CAMAREIRA DE TELEVISÃO,1,513310 camareira de televisao
5663,516120,MANICURE,1,516120 manicure
5996,111325,JUIZ DE DIREITO,1,111325 juiz de direito
5642,131210,GERENTE DE SERVIÇOS DE SAÚDE,1,131210 gerente de servicos de saude
6317,226305,MUSICOTERAPEUTA,1,226305 musicoterapeuta
5951,376240,MALABARISTA,1,376240 malabarista
5677,517110,BOMBEIRO DE SEGURANÇA DO TRABALHO,1,517110 bombeiro de seguranca do trabalho
6254,225220,MÉDICO CIRURGIÃO DO APARELHO DIGESTIVO,1,225220 medico cirurgiao do aparelho digestivo
6210,725405,MECÂNICO MONTADOR DE MOTORES DE AERONAVES,1,725405 mecanico montador de motores de aeronaves
6137,234210,PROFESSOR DE QUÍMICA (ENSINO SUPERIOR),1,234210 professor de quimica (ensino superior)
5777,234740,PROFESSOR DE GEOGRAFIA DO ENSINO SUPERIOR,1,234740 professor de geografia do ensino superior
5831,354820,ORGANIZADOR DE EVENTO,1,354820 organizador de evento
6285,2231A2,MÉDICO HANSENOLOGISTA,1,2231A2 medico hansenologista
6116,20115,MAJOR DA POLÍCIA MILITAR,1,020115 major da policia militar
6013,224105,AVALIADOR FÍSICO,1,224105 avaliador fisico
5769,513210,COZINHEIRO DO SERVIÇO DOMÉSTICO,1,513210 cozinheiro do servico domestico
6319,251515,PSICÓLOGO DO ESPORTE,1,251515 psicologo do esporte
6085,352205,AGENTE DE DEFESA AMBIENTAL,1,352205 agente de defesa ambiental
5846,214125,ARQUITETO URBANISTA,1,214125 arquiteto urbanista
5618,515105,AGENTE COMUNITÁRIO DE SAÚDE,1,515105 agente comunitario de saude
5649,725010,AJUSTADOR MECÂNICO,1,725010 ajustador mecanico
5699,717020,SERVENTE DE OBRAS,1,717020 servente de obras
6162,720140,MESTRE DE SOLDAGEM,1,720140 mestre de soldagem
6201,848605,TRABALHADOR DO BENEFICIAMENTO DE FUMO,1,848605 trabalhador do beneficiamento de fumo
5809,516405,LAVADOR DE ROUPAS,1,516405 lavador de roupas
5881,322420,AUXILIAR DE PRÓTESE DENTÁRIA,1,322420 auxiliar de protese dentaria
6195,513115,GOVERNANTA DE HOTELARIA,1,513115 governanta de hotelaria
5697,421125,OPERADOR DE CAIXA,1,421125 operador de caixa
5672,515110,ATENDENTE DE ENFERMAGEM,1,515110 atendente de enfermagem
5633,225155,MÉDICO ENDOCRINOLOGISTA E METABOLOGISTA,1,225155 medico endocrinologista e metabologista
6040,711110,CANTEIRO,1,711110 canteiro
6111,612125,PRODUTOR DE MILHO E SORGO,1,612125 produtor de milho e sorgo
5887,233125,PROFESSOR DE TÉCNICAS DE ENFERMAGEM,1,233125 professor de tecnicas de enfermagem
6283,225127,MÉDICO PNEUMOLOGISTA,1,225127 medico pneumologista
6169,141520,GERENTE DE PENSÃO,1,141520 gerente de pensao
5962,351505,TÉCNICO EM SECRETARIADO,1,351505 tecnico em secretariado
5762,241005,ADVOGADO,1,241005 advogado
6108,262405,ARTISTA (ARTES VISUAIS),1,262405 artista (artes visuais)
6194,225320,MÉDICO EM RADIOLOGIA E DIAGNÓSTICO POR IMAGEM,1,225320 medico em radiologia e diagnostico por imagem
5851,715220,PEDREIRO (MATERIAL REFRATÁRIO),1,715220 pedreiro (material refratario)
6083,252505,ADMINISTRADOR DE FUNDOS E CARTEIRAS DE INVESTIMENTO,1,252505 administrador de fundos e carteiras de investimento
5969,352310,AGENTE FISCAL DE QUALIDADE,1,352310 agente fiscal de qualidade
5760,411025,AUXILIAR DE CARTÓRIO,1,411025 auxiliar de cartorio
5744,5151F1,AGENTE DE COMBATE ÀS ENDEMIAS,1,5151F1 agente de combate as endemias
5999,513420,BARMAN,1,513420 barman
5933,313105,ELETROTÉCNICO,1,313105 eletrotecnico
5776,751125,OURIVES,1,751125 ourives
6176,768205,"BORDADOR, A MÃO",1,"768205 bordador, a mao"
5895,992115,BORRACHEIRO,1,992115 borracheiro
6003,261310,MUSEÓLOGO,1,261310 museologo
5925,231325,PROFESSOR DE HISTÓRIA DO ENSINO FUNDAMENTAL,1,231325 professor de historia do ensino fundamental
6312,223635,FISIOTERAPEUTA TRAUMATO-ORTOPÉDICA FUNCIONAL,1,223635 fisioterapeuta traumato-ortopedica funcional
5961,954125,OPERADOR ELETROMECÂNICO,1,954125 operador eletromecanico
6079,513440,BARISTA,1,513440 barista
6287,225285,MÉDICO UROLOGISTA,1,225285 medico urologista
5894,716405,GESSEIRO,1,716405 gesseiro
6206,224135,TREINADOR PROFISSIONAL DE FUTEBOL,1,224135 treinador profissional de futebol
5880,316320,TÉCNICO EM PESQUISA MINERAL,1,316320 tecnico em pesquisa mineral
6214,252515,ANALISTA DE COBRANÇA (INSTITUIÇÕES FINANCEIRAS),1,252515 analista de cobranca (instituicoes financeiras)
5912,351410,ESCRIVÃO JUDICIAL,1,351410 escrivao judicial
6144,377225,ARBITRO DE FUTEBOL DE SALÃO,1,377225 arbitro de futebol de salao
5651,782510,MOTORISTA DE CAMINHÃO (ROTAS REGIONAIS E INTERNACIONAIS),1,782510 motorista de caminhao (rotas regionais e internacionais)
5636,2231F9,MÉDICO RESIDENTE,1,2231F9 medico residente
5970,142515,GERENTE DE PRODUÇÃO DE TECNOLOGIA DA INFORMAÇÃO,1,142515 gerente de producao de tecnologia da informacao
5882,314410,TÉCNICO EM MANUTENÇÃO DE MÁQUINAS,1,314410 tecnico em manutencao de maquinas
6075,411045,AUXILIAR DE SERVIÇOS DE IMPORTAÇÃO E EXPORTAÇÃO,1,411045 auxiliar de servicos de importacao e exportacao
6119,261730,REPÓRTER DE RÁDIO E TELEVISÃO,1,261730 reporter de radio e televisao
5771,414105,ALMOXARIFE,1,414105 almoxarife
5914,214615,TECNÓLOGO EM METALURGIA,1,214615 tecnologo em metalurgia
5652,514225,TRABALHADOR DE SERVIÇOS DE LIMPEZA E CONSERVAÇÃO DE ÁREAS PÚBLICAS,1,514225 trabalhador de servicos de limpeza e conservacao de areas publicas
6158,325210,TÉCNICO EM NUTRIÇÃO E DIETÉTICA,1,325210 tecnico em nutricao e dietetica
6248,225151,MÉDICO ANESTESIOLOGISTA,1,225151 medico anestesiologista
5817,316110,TÉCNICO EM GEOLOGIA,1,316110 tecnico em geologia
6300,223244,CIRURGIÃO DENTISTA - PATOLOGISTA BUCAL,1,223244 cirurgiao dentista - patologista bucal
6004,763325,PASSADEIRA DE PEÇAS CONFECCIONADAS,1,763325 passadeira de pecas confeccionadas
6260,225135,MÉDICO DERMATOLOGISTA,1,225135 medico dermatologista
5722,313410,TÉCNICO EM INSTRUMENTAÇÃO,1,313410 tecnico em instrumentacao
6347,721210,OPERADOR DE MÁQUINAS OPERATRIZES,1,721210 operador de maquinas operatrizes
6298,223236,CIRURGIÃO DENTISTA - ODONTOPEDIATRA,1,223236 cirurgiao dentista - odontopediatra
5984,214215,ENGENHEIRO CIVIL (EDIFICAÇÕES),1,214215 engenheiro civil (edificacoes)
5621,223605,FISIOTERAPEUTA GERAL,1,223605 fisioterapeuta geral
1,-,,0,-
6071,414215,CONFERENTE DE CARGA E DESCARGA,1,414215 conferente de carga e descarga
6000,111120,VEREADOR,1,111120 vereador
6045,513415,CUMIM,1,513415 cumim
5708,782145,SINALEIRO (PONTE-ROLANTE),1,782145 sinaleiro (ponte-rolante)
5884,354815,AGENTE DE VIAGEM,1,354815 agente de viagem
6088,712205,CORTADOR DE PEDRAS,1,712205 cortador de pedras
5830,213405,GEÓLOGO,1,213405 geologo
5684,513505,AUXILIAR NOS SERVIÇOS DE ALIMENTAÇÃO,1,513505 auxiliar nos servicos de alimentacao
6005,223520,ENFERMEIRO DE CENTRO CIRÚRGICO,1,223520 enfermeiro de centro cirurgico
5673,517330,VIGILANTE,1,517330 vigilante
5810,862205,"OPERADOR DE ESTAÇÃO DE CAPTAÇÃO, TRATAMENTO E DISTRIBUIÇÃO DE ÁGUA",1,"862205 operador de estacao de captacao, tratamento e distribuicao de agua"
5748,622005,CASEIRO (AGRICULTURA),1,622005 caseiro (agricultura)
5758,715615,ELETRICISTA DE INSTALAÇÕES,1,715615 eletricista de instalacoes
5888,222110,ENGENHEIRO AGRÔNOMO,1,222110 engenheiro agronomo
5671,234515,PROFESSOR DE ENSINO SUPERIOR NA ÁREA DE PESQUISA EDUCACIONAL,1,234515 professor de ensino superior na area de pesquisa educacional
6208,766205,IMPRESSOR (SERIGRAFIA),1,766205 impressor (serigrafia)
6318,251545,NEUROPSICÓLOGO,1,251545 neuropsicologo
5966,991105,CONSERVADOR DE VIA PERMANENTE (TRILHOS),1,991105 conservador de via permanente (trilhos)
6174,515130,AGENTE INDÍGENA DE SANEAMENTO,1,515130 agente indigena de saneamento
5832,21210,SOLDADO DA POLÍCIA MILITAR,1,021210 soldado da policia militar
6213,413210,CAIXA DE BANCO,1,413210 caixa de banco
6138,715610,ELETRICISTA DE INSTALAÇÕES (EDIFÍCIOS),1,715610 eletricista de instalacoes (edificios)
6049,312210,TÉCNICO DE SANEAMENTO,1,312210 tecnico de saneamento
5852,513410,GARÇOM (SERVIÇOS DE VINHOS),1,513410 garcom (servicos de vinhos)
6019,122205,"DIRETOR DE PRODUÇÃO E OPERAÇÕES DA INDÚSTRIA DE TRANSFORMAÇÃO, EXTRAÇÃO MINERAL E UTILIDADES",1,"122205 diretor de producao e operacoes da industria de transformacao, extracao mineral e utilidades"
5964,376305,APRESENTADOR DE EVENTOS,1,376305 apresentador de eventos
5905,31210,SOLDADO BOMBEIRO MILITAR,1,031210 soldado bombeiro militar
5750,251110,ARQUEÓLOGO,1,251110 arqueologo
5729,765235,ESTOFADOR DE MÓVEIS,1,765235 estofador de moveis
6152,724415,CHAPEADOR,1,724415 chapeador
6011,919110,LUBRIFICADOR DE VEÍCULOS AUTOMOTORES (EXCETO EMBARCAÇÕES),1,919110 lubrificador de veiculos automotores (exceto embarcacoes)
5690,725015,AJUSTADOR MECÂNICO (USINAGEM EM BANCADA E EM MÁQUINAS-FERRAMENTAS),1,725015 ajustador mecanico (usinagem em bancada e em maquinas-ferramentas)
6025,992220,PEDREIRO DE CONSERVAÇÃO DE VIAS PERMANENTES (EXCETO TRILHOS),1,992220 pedreiro de conservacao de vias permanentes (exceto trilhos)
5928,711230,OPERADOR DE MÁQUINA PERFURATRIZ,1,711230 operador de maquina perfuratriz
6112,312320,TOPÓGRAFO,1,312320 topografo
5772,516305,"LAVADEIRO, EM GERAL",1,"516305 lavadeiro, em geral"
6346,261120,EDITOR,1,261120 editor
5623,225125,MÉDICO CLÍNICO,1,225125 medico clinico
5948,711220,OPERADOR DE MÁQUINA DE EXTRAÇÃO CONTÍNUA (MINAS DE CARVÃO),1,711220 operador de maquina de extracao continua (minas de carvao)
6182,271110,TECNÓLOGO EM GASTRONOMIA,1,271110 tecnologo em gastronomia
5935,225120,MÉDICO CARDIOLOGISTA,1,225120 medico cardiologista
5754,321210,TÉCNICO FLORESTAL,1,321210 tecnico florestal
5628,352210,AGENTE DE SAÚDE PÚBLICA,1,352210 agente de saude publica
5624,223710,NUTRICIONISTA,1,223710 nutricionista
6131,251305,GEÓGRAFO,1,251305 geografo
5785,422205,TELEFONISTA,1,422205 telefonista
5637,225133,MÉDICO PSIQUIATRA,1,225133 medico psiquiatra
5937,234810,PROFESSOR DE ADMINISTRAÇÃO,1,234810 professor de administracao
5820,322130,ESTETICISTA,1,322130 esteticista
5885,231105,PROFESSOR DE NÍVEL SUPERIOR NA EDUCAÇÃO INFANTIL (QUATRO A SEIS ANOS),1,231105 professor de nivel superior na educacao infantil (quatro a seis anos)
5975,623005,ADESTRADOR DE ANIMAIS,1,623005 adestrador de animais
6050,514120,ZELADOR DE EDIFÍCIO,1,514120 zelador de edificio
5988,262705,MÚSICO INTÉRPRETE CANTOR,1,262705 musico interprete cantor
6124,725410,MECÂNICO MONTADOR DE MOTORES DE EMBARCAÇÕES,1,725410 mecanico montador de motores de embarcacoes
5645,715210,PEDREIRO,1,715210 pedreiro
5746,239210,PROFESSOR DE ALUNOS COM DEFICIÊNCIA FÍSICA,1,239210 professor de alunos com deficiencia fisica
6345,239410,ORIENTADOR EDUCACIONAL,1,239410 orientador educacional
5823,231340,PROFESSOR DE MATEMÁTICA DO ENSINO FUNDAMENTAL,1,231340 professor de matematica do ensino fundamental
6080,821215,FORNEIRO E OPERADOR (FORNO ELÉTRICO),1,821215 forneiro e operador (forno eletrico)
5879,413220,CONFERENTE DE SERVIÇOS BANCÁRIOS,1,413220 conferente de servicos bancarios
6171,848210,QUEIJEIRO NA FABRICAÇÃO DE LATICÍNIO,1,848210 queijeiro na fabricacao de laticinio
5795,331110,AUXILIAR DE DESENVOLVIMENTO INFANTIL,1,331110 auxiliar de desenvolvimento infantil
6268,225175,MÉDICO GENETICISTA,1,225175 medico geneticista
5696,524105,VENDEDOR EM DOMICÍLIO,1,524105 vendedor em domicilio
5724,317105,PROGRAMADOR DE INTERNET,1,317105 programador de internet
6097,841408,COZINHADOR (CONSERVAÇÃO DE ALIMENTOS),1,841408 cozinhador (conservacao de alimentos)
6198,122105,DIRETOR DE PRODUÇÃO E OPERAÇÕES EM EMPRESA AGROPECUÁRIA,1,122105 diretor de producao e operacoes em empresa agropecuaria
6159,354210,SUPERVISOR DE COMPRAS,1,354210 supervisor de compras